{"joy":0.0019527915865182877,"sadness":0.023053200915455818,"disgust":0.40114325284957886,"contempt":0.19083042442798615,"anger":0.0019888768438249826,"fear":0.004409473389387131,"surprise":0.19343072175979614,"valence":0,"engagement":0.0836368054151535,"Timestamp":4.200000000000001,"smile":0.40076351165771484,"innerBrowRaise":0.0012409803457558155,"browRaise":0.03254470229148865,"browFurrow":0.0001677512627793476,"noseWrinkle":0.0013774529797956347,"upperLipRaise":7.837344924155332e-7,"lipCornerDepressor":0.0005506818415597081,"chinRaise":0.016138246282935143,"lipPucker":0.008704054169356823,"lipPress":0.02792048081755638,"lipSuck":0.7166329622268677,"mouthOpen":0.0517595037817955,"smirk":0.19222380220890045,"eyeClosure":1.1347068548202515,"attention":97.46127319335938,"lidTighten":0.0018642731010913849,"jawDrop":0.04970736801624298,"dimpler":0.052272163331508636,"eyeWiden":4.776310902343539e-7,"cheekRaise":0.00018208321125712246,"lipStretch":0.012641079723834991},{"joy":0.0021494559478014708,"sadness":0.021996576339006424,"disgust":0.382347047328949,"contempt":0.26194941997528076,"anger":0.0019722972065210342,"fear":0.004170068074017763,"surprise":0.1953784078359604,"valence":0,"engagement":0.09094302356243134,"Timestamp":4.300000000000001,"smile":0.9875234365463257,"innerBrowRaise":0.01895998790860176,"browRaise":0.019748400896787643,"browFurrow":0.011704450473189354,"noseWrinkle":0.14624476432800293,"upperLipRaise":0.000010893643775489181,"lipCornerDepressor":0.0022459649480879307,"chinRaise":0.016696421429514885,"lipPucker":0.00595833407714963,"lipPress":0.01612297259271145,"lipSuck":1.3109835386276245,"mouthOpen":0.06708019971847534,"smirk":3.5924105644226074,"eyeClosure":19.195104598999023,"attention":97.11798858642578,"lidTighten":0.679465115070343,"jawDrop":0.5813581347465515,"dimpler":0.01814841851592064,"eyeWiden":1.0550157725219833e-7,"cheekRaise":1.5697121620178223,"lipStretch":0.010054760612547398},{"joy":0.0019175219349563122,"sadness":0.02333313226699829,"disgust":0.41631731390953064,"contempt":0.20538629591464996,"anger":0.0019939399790018797,"fear":0.00429526437073946,"surprise":0.19735309481620789,"valence":0,"engagement":0.08297097682952881,"Timestamp":4.4,"smile":0.2875862419605255,"innerBrowRaise":0.016087161377072334,"browRaise":0.010000734589993954,"browFurrow":0.015944845974445343,"noseWrinkle":0.12342940270900726,"upperLipRaise":0.00003787564128288068,"lipCornerDepressor":0.0007084802491590381,"chinRaise":0.033447083085775375,"lipPucker":0.010650014504790306,"lipPress":0.00646443385630846,"lipSuck":0.5661097168922424,"mouthOpen":0.08415157347917557,"smirk":0.8027574419975281,"eyeClosure":0.11664818972349167,"attention":96.87162780761719,"lidTighten":0.4081578850746155,"jawDrop":1.1037815809249878,"dimpler":0.005030719563364983,"eyeWiden":9.710884540936604e-8,"cheekRaise":0.05464285612106323,"lipStretch":0.005659505259245634},{"joy":0.0018745078705251217,"sadness":0.023698771372437477,"disgust":0.4579962193965912,"contempt":0.19614943861961365,"anger":0.0021590581163764,"fear":0.004125345032662153,"surprise":0.20283137261867523,"valence":0,"engagement":0.08744639158248901,"Timestamp":4.5,"smile":0.17583508789539337,"innerBrowRaise":0.03105083666741848,"browRaise":0.006388144567608833,"browFurrow":0.10909619927406311,"noseWrinkle":1.0296880006790161,"upperLipRaise":0.0001281843287870288,"lipCornerDepressor":0.0004564624687191099,"chinRaise":0.016139322891831398,"lipPucker":0.011913475580513477,"lipPress":0.0010756567353382707,"lipSuck":0.39596813917160034,"mouthOpen":0.17087367177009583,"smirk":0.27347704768180847,"eyeClosure":0.25429150462150574,"attention":96.3521728515625,"lidTighten":1.7736356258392334,"jawDrop":2.6406776905059814,"dimpler":0.0023918307852,"eyeWiden":7.314169181427133e-8,"cheekRaise":0.08527133613824844,"lipStretch":0.003091243328526616},{"joy":0.0018064944306388497,"sadness":0.0244796983897686,"disgust":0.43606242537498474,"contempt":0.19649383425712585,"anger":0.0022474818397313356,"fear":0.004273735918104649,"surprise":0.19742392003536224,"valence":0,"engagement":0.08212947100400925,"Timestamp":4.6,"smile":0.05711733177304268,"innerBrowRaise":0.04091682657599449,"browRaise":0.008936211466789246,"browFurrow":0.3696315884590149,"noseWrinkle":0.2817055284976959,"upperLipRaise":0.00019442822667770088,"lipCornerDepressor":0.0004546365235000849,"chinRaise":0.014143494889140129,"lipPucker":0.004657231271266937,"lipPress":0.0007067364058457315,"lipSuck":0.17706982791423798,"mouthOpen":0.14912451803684235,"smirk":0.16023948788642883,"eyeClosure":0.003927271347492933,"attention":97.21701049804688,"lidTighten":2.009425401687622,"jawDrop":2.079430103302002,"dimpler":0.0015638266922906041,"eyeWiden":9.596029570957398e-8,"cheekRaise":0.017443984746932983,"lipStretch":0.0012073070975020528},{"joy":0.0017354238079860806,"sadness":0.025575075298547745,"disgust":0.4314284324645996,"contempt":0.1968323439359665,"anger":0.0022347013000398874,"fear":0.004281405359506607,"surprise":0.19359463453292847,"valence":0,"engagement":0.08582711219787598,"Timestamp":4.699999999999999,"smile":0.027819853276014328,"innerBrowRaise":0.07357793301343918,"browRaise":0.004386397544294596,"browFurrow":0.9342089295387268,"noseWrinkle":0.10509488731622696,"upperLipRaise":0.0001196280209114775,"lipCornerDepressor":0.0005209905211813748,"chinRaise":0.023286283016204834,"lipPucker":0.00812777690589428,"lipPress":0.002177139278501272,"lipSuck":0.18297222256660461,"mouthOpen":0.22954502701759338,"smirk":0.05615994706749916,"eyeClosure":0.03339282050728798,"attention":93.66304016113281,"lidTighten":0.8839505910873413,"jawDrop":2.670104742050171,"dimpler":0.0021944341715425253,"eyeWiden":8.551782570975774e-8,"cheekRaise":0.026052279397845268,"lipStretch":0.001798122189939022},{"joy":0.0012362636625766754,"sadness":0.037877582013607025,"disgust":0.4312132000923157,"contempt":0.21671010553836823,"anger":0.003847940359264612,"fear":0.005138872191309929,"surprise":0.14178824424743652,"valence":0,"engagement":0.1254282146692276,"Timestamp":4.799999999999999,"smile":0.019187921658158302,"innerBrowRaise":0.1423352211713791,"browRaise":0.002212130231782794,"browFurrow":6.129271030426025,"noseWrinkle":0.03992154076695442,"upperLipRaise":0.0001433273428119719,"lipCornerDepressor":0.00038160657277330756,"chinRaise":0.02091176249086857,"lipPucker":0.008063923567533493,"lipPress":0.002591632306575775,"lipSuck":0.056988101452589035,"mouthOpen":0.35161250829696655,"smirk":0.040654778480529785,"eyeClosure":0.34881165623664856,"attention":96.263427734375,"lidTighten":3.0564634799957275,"jawDrop":2.441835403442383,"dimpler":0.0002090606139972806,"eyeWiden":4.393030295091194e-8,"cheekRaise":0.11457627266645432,"lipStretch":0.0012672205921262503},{"joy":0.0014374633319675922,"sadness":0.03187398612499237,"disgust":0.4403899908065796,"contempt":0.20828041434288025,"anger":0.0031124937813729048,"fear":0.004400584381073713,"surprise":0.17213524878025055,"valence":0,"engagement":0.10974988341331482,"Timestamp":4.899999999999999,"smile":0.008066876791417599,"innerBrowRaise":0.2210843563079834,"browRaise":0.004548380151391029,"browFurrow":3.8968303203582764,"noseWrinkle":0.16065815091133118,"upperLipRaise":0.00024563982151448727,"lipCornerDepressor":0.0005706155789084733,"chinRaise":0.004129150882363319,"lipPucker":0.003252300200983882,"lipPress":0.002357468707486987,"lipSuck":0.003564853221178055,"mouthOpen":0.7124419808387756,"smirk":0.05256013199687004,"eyeClosure":0.9648239016532898,"attention":97.22357177734375,"lidTighten":2.3475868701934814,"jawDrop":4.921376705169678,"dimpler":0.00020319627947174013,"eyeWiden":1.4336735887354735e-7,"cheekRaise":0.1630287915468216,"lipStretch":0.0008641398162581027},{"joy":0.0014381379587575793,"sadness":0.03143186867237091,"disgust":0.4706670045852661,"contempt":0.2098303735256195,"anger":0.003303798381239176,"fear":0.004232661332935095,"surprise":0.18098190426826477,"valence":0,"engagement":0.1277248114347458,